markers,chr,pos,TIL,Average_height,NEI
AD01000001,1,0.032667,0.022147879,0.362144348,0.007311993
c1.loc1,1,1.032667,0.251744981,0.12122357,0.115885305
c1.loc2,1,2.032667,0.661123989,6.49E-05,0.574726774
P0298,1,2.718679,0.878170899,0.038817709,0.906212117
c1.loc3,1,3.032667,0.88087712,0.019240134,0.879398084
c1.loc4,1,4.032667,0.756656885,0.006068367,0.662425087
c1.loc5,1,5.032667,0.479688672,0.081317046,0.34644084
AE01002154,1,5.442909,0.367442794,0.123997906,0.238098099
c1.loc6,1,6.032667,0.680404867,0.010049803,0.338461
c1.loc7,1,7.032667,1.277725718,0.158938376,0.459838358
AE01003285,1,7.813555,1.474136746,0.510789002,0.44217262
c1.loc8,1,8.032667,1.542301446,0.547430488,0.446080927
c1.loc9,1,9.032667,1.669799108,0.667156461,0.401142741
c1.loc10,1,10.032667,1.354187152,0.61740865,0.260289415
ah01000747,1,10.758249,0.993373235,0.500603994,0.156906118
c1.loc11,1,11.032667,0.964641135,0.438087349,0.15115843
ad01005077,1,11.527278,0.794388038,0.286635494,0.123043611
c1.loc12,1,12.032667,0.88097449,0.479880401,0.210694669
ah01000885,1,12.174402,0.893647946,0.534235305,0.23585237
c1.loc13,1,13.032667,0.613317768,0.257336317,0.153400852
c1.loc14,1,14.032667,0.298953808,0.041594578,0.064849061
c1.loc15,1,15.032667,0.08353556,0.011175931,0.011087797
ad01007097,1,15.849936,0.007837987,0.111292077,0.000102388
c1.loc16,1,16.032667,0.007795222,0.11342888,0.000111281
ad01007358,1,16.31822,0.007728474,0.116804233,0.000125906
AD01007672,1,16.95446,0.007600059,0.124535895,0.000160988
c1.loc17,1,17.032667,0.007581902,0.125484853,0.000165582
c1.loc18,1,18.032667,0.007351908,0.137818655,0.000229452
ah01001241,1,18.954364,0.007140448,0.149674761,0.000297517
c1.loc19,1,19.032667,0.010133384,0.138870532,1.37E-05
c1.loc20,1,20.032667,0.110265965,0.024902037,0.094181146
c1.loc21,1,21.032667,0.353108815,0.013007015,0.434120191
c1.loc22,1,22.032667,0.694543716,0.159415644,0.98333029
ah01001514,1,22.528829,0.858193517,0.277161714,1.268075108
c1.loc23,1,23.032667,0.977117334,0.325686735,1.357794804
c1.loc24,1,24.032667,1.165893926,0.411590377,1.429487188
c1.loc25,1,25.032667,1.20231673,0.446950276,1.296032332
c1.loc26,1,26.032667,1.074382566,0.419067344,1.017078159
c1.loc27,1,27.032667,0.877020657,0.358267854,0.728876484
AE01005604,1,27.707924,0.747612382,0.314826793,0.568529819
c1.loc28,1,28.032667,0.752930827,0.476205559,0.553961998
AE01005778,1,28.11819,0.741135408,0.515577684,0.540639982
c1.loc29,1,29.032667,0.595517787,0.334053252,0.416063316
ah01001995,1,29.852213,0.396338111,0.163232225,0.262064468
c1.loc30,1,30.032667,0.362214343,0.166640085,0.223275519
c1.loc31,1,31.032667,0.16841705,0.171215855,0.047438826
P0666,1,32.018544,0.033214016,0.148613819,0.003573785
c1.loc32,1,32.032667,0.034367751,0.148524738,0.003600789
c1.loc33,1,33.032667,0.191751734,0.723308552,0.005788382
c1.loc34,1,34.032667,0.494588163,0.970443124,0.00755877
ad01015967,1,35.004948,0.7551289,0.9702814,0.007418794
c1.loc35,1,35.032667,0.768422436,0.991636209,0.007164689
c1.loc36,1,36.032667,1.077412036,1.586867545,0.0003562
AD01016791,1,36.395825,1.061196682,1.624173678,3.02E-05
c1.loc37,1,37.032667,1.772637152,3.226597515,0.093705926
ad01017435,1,37.402104,1.803469059,3.507843242,0.200625021
c1.loc38,1,38.032667,4.26144713,6.678120888,1.491360595
c1.loc39,1,39.032667,5.279622606,7.752268271,1.980963812
c1.loc40,1,40.032667,5.99022086,8.122958324,2.441405257
c1.loc41,1,41.032667,5.712804853,7.026190353,2.580696152
c1.loc42,1,42.032667,4.477038426,4.922747173,2.271920722
AE01008448,1,42.322366,4.053763703,4.30470815,2.128885142
P0770_1,1,43.026448,5.627681987,3.913803916,4.925550993
c1.loc43,1,43.032667,5.627681987,3.913803916,4.925550993
c1.loc44,1,44.032667,5.627681987,3.913803916,4.925550993
c1.loc45,1,45.032667,5.627681987,3.913803916,4.925550993
ad01021428,1,45.064425,5.627681987,3.913803916,4.925550993
ad02000001,2,0.003546,0.064024014,0.160810938,0.067029861
c2.loc1,2,1.003546,0.052506104,0.038008261,0.00137992
ah02000030,2,1.332461,0.04202315,0.012511934,0.018217692
c2.loc2,2,2.003546,0.002214756,0.040697663,0.007822366
c2.loc3,2,3.003546,0.047266401,0.098386085,4.02E-06
P0782,2,3.292001,0.079426024,0.110688847,0.00070992
c2.loc4,2,4.003546,0.052311289,0.16763174,4.99E-05
c2.loc5,2,5.003546,0.013570996,0.249239551,0.000716615
c2.loc6,2,6.003546,0.000183741,0.279873382,0.00338045
c2.loc7,2,7.003546,0.013988932,0.254931721,0.006129694
ad02002418,2,7.176229,0.017588115,0.247988346,0.006507671
c2.loc8,2,8.003546,0.013745631,0.33081414,0.00160436
c2.loc9,2,9.003546,0.009054386,0.44314789,0.039006753
c2.loc10,2,10.003546,0.004903055,0.556668897,0.129386621
c2.loc11,2,11.003546,0.001883247,0.655630461,0.266167889
c2.loc12,2,12.003546,0.000293046,0.728007536,0.430667401
ad02004940,2,12.913698,2.70E-05,0.767423903,0.585233784
c2.loc13,2,13.003546,2.70E-05,0.767442033,0.585235956
c2.loc14,2,14.003546,2.73E-05,0.767642378,0.585259954
c2.loc15,2,15.003546,2.75E-05,0.767842951,0.585283967
ad02006023,2,15.782657,2.77E-05,0.767999309,0.585302677
c2.loc16,2,16.003546,0.001427993,0.808851463,0.583420832
c2.loc17,2,17.003546,0.037150327,0.926422322,0.511338518
c2.loc18,2,18.003546,0.110120687,0.88050374,0.359389246
ah02001272,2,18.19834,0.125565365,0.8545651,0.327432402
c2.loc19,2,19.003546,0.164500303,0.805122172,0.436873437
c2.loc20,2,20.003546,0.177910407,0.559168047,0.478448826
ah02001365,2,20.465309,0.16853099,0.424645901,0.455323777
ah02001405,2,20.997122,0.080138637,0.412138932,0.817098774
c2.loc21,2,21.003546,0.080795744,0.412655474,0.819941941
ah02001499,2,21.999714,0.17277695,0.356335467,0.97876742
c2.loc22,2,22.003546,0.173388158,0.357895594,0.979869861
ah02001532,2,22.516572,0.199490995,0.456646665,0.813130831
AE02003304,2,22.924855,0.141663951,0.37128779,0.868690738
c2.loc23,2,23.003546,0.138726224,0.367932013,0.858904878
c2.loc24,2,24.003546,0.099959738,0.317154128,0.717197861
c2.loc25,2,25.003546,0.061507442,0.253254878,0.550157805
c2.loc26,2,26.003546,0.029427828,0.1839754,0.378860455
c2.loc27,2,27.003546,0.008562696,0.119560763,0.227956218
c2.loc28,2,28.003546,0.000287178,0.06808173,0.114686107
c2.loc29,2,29.003546,0.002596737,0.03257975,0.043434591
AD02013288,2,29.063558,0.002999873,0.030928408,0.040375376
ad02013805,2,29.794774,0.034332604,0.000178973,0.014938717
c2.loc30,2,30.003546,0.028451622,8.99E-05,0.015712752
c2.loc31,2,31.003546,0.005059098,0.00015326,0.01916188
c2.loc32,2,32.003546,0.00266886,0.001427965,0.020627288
c2.loc33,2,33.003546,0.030660362,0.003727892,0.018652916
c2.loc34,2,34.003546,0.073807233,0.005977109,0.014555962
AD02016661,2,34.572319,0.096979814,0.006934889,0.012162163
P0269,2,34.889551,0.066744963,0.024590813,0.00175321
c2.loc35,2,35.003546,0.05165572,0.011985462,0.000372959
ad02016985,2,35.371461,0.012070004,0.003024138,0.003216762
AE03000001,3,0.051655,0.033406695,0.068055413,0.00608001
c3.loc1,3,1.051655,0.165861649,0.013035872,0.02021784
AE03000267,3,1.805512,0.257610346,0.000335808,0.027729262
c3.loc2,3,2.051655,0.235631998,0.000938963,0.02549313
c3.loc3,3,3.051655,0.128337955,0.008051108,0.014328792
c3.loc4,3,4.051655,0.027927545,0.024083813,0.003434818
c3.loc5,3,5.051655,0.002253016,0.042152458,0.000112075
c3.loc6,3,6.051655,0.050173595,0.052502084,0.004571184
P1669_1,3,6.524036,0.082616148,0.054467019,0.007761742
c3.loc7,3,7.051655,0.014194296,0.208452069,0.000349135
c3.loc8,3,8.051655,0.05117359,0.731003234,0.052996726
ah03000781,3,8.751498,0.192209041,1.117744322,0.126112521
c3.loc9,3,9.051655,0.346273112,1.633130466,0.336051443
ah03000874,3,9.753557,0.699518882,2.439525299,1.00074329
c3.loc10,3,10.051655,0.504533454,2.167254191,1.177076179
c3.loc11,3,11.051655,0.047465435,1.042408909,1.603162975
AE03002855,3,11.36718,0.003983948,0.722169819,1.643196284
c3.loc12,3,12.051655,0.003994286,0.722596965,1.646755824
c3.loc13,3,13.051655,0.00401909,0.723540258,1.655254856
c3.loc14,3,14.051655,0.004074368,0.725184316,1.673960533
c3.loc15,3,15.051655,0.004291237,0.721954159,1.742211888
ah03001245,3,15.492541,0.003170653,0.31081262,1.13343186
c3.loc16,3,16.051655,0.031123917,0.000214107,0.713417978
c3.loc17,3,17.051655,0.035797904,0.000365932,0.674929291
AD03008968,3,17.728657,0.036666908,0.000635889,0.667928408
c3.loc18,3,18.051655,0.037407201,0.000337521,0.695486402
ad03009264,3,18.150546,0.037627859,0.000264878,0.703898279
ad03009571,3,18.628536,0.024900798,0.001170387,0.79374036
c3.loc19,3,19.051655,0.053650014,0.000118284,0.742079252
ah03001486,3,19.212654,0.066630206,3.77E-06,0.713466173
c3.loc20,3,20.051655,0.066605363,3.19E-06,0.71353676
AD03010432,3,20.097699,0.066603989,3.16E-06,0.713540661
c3.loc21,3,21.051655,0.066647738,1.65E-06,0.713263683
AE03004582,3,21.47022,0.066667028,1.14E-06,0.713141498
c3.loc22,3,22.051655,0.083319977,0.002407397,0.737670392
c3.loc23,3,23.051655,0.117442722,0.021511301,0.754335059
c3.loc24,3,24.051655,0.154465912,0.064238139,0.720209881
c3.loc25,3,25.051655,0.185675202,0.127816359,0.627245567
c3.loc26,3,26.051655,0.202842796,0.198537276,0.495002456
c3.loc27,3,27.051655,0.204320686,0.260325044,0.358754638
ad03014349,3,27.712595,0.198794677,0.291907681,0.279672033
c3.loc28,3,28.051655,0.171624301,0.28867804,0.327081309
c3.loc29,3,29.051655,0.090447713,0.268129338,0.500197592
c3.loc30,3,30.051655,0.024095624,0.226928263,0.71191549
c3.loc31,3,31.051655,0.000167001,0.167111356,0.915583751
c3.loc32,3,32.051655,0.033108876,0.102662063,1.047544548
c3.loc33,3,33.051655,0.10841942,0.050673702,1.079417834
c3.loc34,3,34.051655,0.197219732,0.018600313,1.034583289
c3.loc35,3,35.051655,0.278640798,0.003729337,0.953495359
ah03002520,3,35.085032,0.281135329,0.00345581,0.950521729
c3.loc36,3,36.051655,0.01551576,0.116296286,0.410431968
AD03017735,3,36.859658,0.054395251,0.290035248,0.079120586
P0611_2,4,0.708312,0.098457075,0.336566908,0.169287571
c4.loc1,4,1.708312,0.215405492,0.489196454,0.158817093
AE04001373,4,2.244218,0.279443048,0.547652489,0.142385366
c4.loc2,4,2.708312,0.262199929,0.55748619,0.148265792
c4.loc3,4,3.708312,0.220219414,0.568856484,0.159308731
c4.loc4,4,4.708312,0.173614819,0.563993384,0.166661173
c4.loc5,4,5.708312,0.126476569,0.541556481,0.168640056
c4.loc6,4,6.708312,0.083518013,0.503565191,0.164466931
c4.loc7,4,7.708312,0.048577047,0.454811193,0.154702931
ah04000289,4,8.054638,0.03869506,0.436370696,0.150273616
ad04003764,4,8.606255,0.037982887,0.437702037,0.151284495
c4.loc8,4,8.708312,0.037851235,0.437925914,0.151477704
ad04003958,4,9.090352,0.037360534,0.438752122,0.15219628
c4.loc9,4,9.708312,0.036572333,0.439824557,0.153417339
ad04004439,4,10.517714,0.035547311,0.441165533,0.154997039
c4.loc10,4,10.708312,0.035306044,0.441374502,0.155400324
c4.loc11,4,11.708312,0.03405622,0.442397711,0.157483095
P1255,4,11.851091,0.033877272,0.442535974,0.157780406
c4.loc12,4,12.708312,0.067788541,0.583960816,0.11847162
c4.loc13,4,13.708312,0.112648929,0.693806683,0.059519162
ah04000587,4,14.603072,0.14234469,0.711557102,0.019252682
c4.loc14,4,14.708312,0.146156301,0.73382974,0.01540875
c4.loc15,4,15.708312,0.177049457,0.915152673,0.001464746
c4.loc16,4,16.708312,0.184884568,0.987003509,1.195190096
ah04000647,4,17.009915,0.181079038,0.982214212,1.266423822
c4.loc17,4,17.708312,0.193446624,1.025610566,1.504252885
c4.loc18,4,18.708312,0.200857639,1.036131443,1.824893129
c4.loc19,4,19.708312,0.186064873,0.969755193,2.045929206
c4.loc20,4,20.708312,0.148403854,0.837846589,2.109686424
ah04000839,4,21.586427,1.707717965,0.696749297,2.043534086
c4.loc21,4,21.708312,1.759470577,0.734059189,2.061539461
c4.loc22,4,22.708312,2.179444162,1.074876654,2.14645477
c4.loc23,4,23.708312,2.521460214,1.439514375,2.080971474
c4.loc24,4,24.708312,2.682952867,1.742945774,1.8540548
c4.loc25,4,25.708312,2.633852601,1.917462913,1.526246769
ah04001083,4,25.902384,2.603680675,1.934938711,1.45805094
c4.loc26,4,26.708312,2.374395605,1.96973725,0.147297133
c4.loc27,4,27.708312,1.862537919,1.811822531,0.178915595
c4.loc28,4,28.708312,1.248823913,1.471538988,0.183148665
AE04005953,4,29.464244,0.837728787,1.175747893,0.174992466
c4.loc29,4,29.708312,0.760220998,1.151814351,0.130949014
c4.loc30,4,30.708312,0.322339324,0.777839836,0.006795009
P0738,4,31.614944,0.196160112,0.33756784,0.020196025
c4.loc31,4,31.708312,0.145303374,0.362421216,0.0191743
ad04012082,4,32.054979,0.013712934,0.398673655,0.012913878
c4.loc32,4,32.708312,0.009265052,0.352955228,0.028974342
ah04001488,4,33.523232,0.003749465,0.2460816,0.26019043
c4.loc33,4,33.708312,5.25E-05,0.192792986,0.259224412
AD04013086,4,34.552668,0.050667634,0.00657673,0.150333523
ah05000101,5,1.500573,0.224879137,0.151623827,0.019936396
c5.loc1,5,2.500573,0.240306684,0.160341541,0.016348479
c5.loc2,5,3.500573,0.253365466,0.167214467,0.012452694
c5.loc3,5,4.500573,0.261878737,0.170861144,0.008511661
c5.loc4,5,5.500573,0.26363148,0.169938934,0.004914805
c5.loc5,5,6.500573,0.257134304,0.163638667,0.002102112
c5.loc6,5,7.500573,0.242369206,0.152137997,0.000425226
c5.loc7,5,8.500573,0.220983916,0.136674783,1.82E-05
c5.loc8,5,9.500573,0.195715513,0.119125246,0.000764318
ad05003736,5,10.036979,0.181513215,0.109476178,0.001546162
c5.loc9,5,10.500573,0.162413532,0.09964374,0.001864388
c5.loc10,5,11.500573,0.124476728,0.079655635,0.002598324
c5.loc11,5,12.500573,0.091685588,0.061785709,0.003365753
c5.loc12,5,13.500573,0.064632818,0.046476812,0.004127324
AD05003938,5,13.961442,0.0540564,0.040297868,0.004469376
c5.loc13,5,14.500573,0.095444957,0.041218817,0.006261122
c5.loc14,5,15.500573,0.194574117,0.038506343,0.00973594
ah05000829,5,16.446858,0.284528562,0.031440489,0.012124169
c5.loc15,5,16.500573,0.285171138,0.036043154,0.013044449
c5.loc16,5,17.500573,0.203679532,0.15371434,0.02942701
ad05005823,5,17.640729,0.182891725,0.168013634,0.030621069
c5.loc17,5,18.500573,0.183307464,0.184160789,0.022222481
c5.loc18,5,19.500573,0.17807688,0.201650539,0.012295253
c5.loc19,5,20.500573,0.163775062,0.213418492,0.004003419
c5.loc20,5,21.500573,0.138863917,0.213724456,5.76E-05
c5.loc21,5,22.500573,0.105856768,0.198925555,0.002680265
c5.loc22,5,23.500573,0.071371509,0.171174458,0.011764955
c5.loc23,5,24.500573,0.04221739,0.137611092,0.024708374
c5.loc24,5,25.500573,0.021612388,0.105436489,0.038312688
c5.loc25,5,26.500573,0.009126994,0.078560588,0.050476739
AD05011295,5,26.988362,0.005363146,0.067643915,0.055642895
c5.loc26,5,27.500573,0.018285147,0.019479545,0.019251482
P1138,5,27.557093,0.019193425,0.014914391,0.031489257
c5.loc27,5,28.500573,0.216574247,0.085251338,0.274367839
ad05012520,5,29.07595,0.372748375,0.130649497,0.453543962
ad06000001,6,0.000546,0.099994162,0.180763238,0.014807035
c6.loc1,6,1.000546,0.058660947,0.047791321,0.011397852
P0570,6,1.759251,0.029639498,0.002830801,0.00779025
c6.loc2,6,2.000546,0.042380913,0.009122522,0.006974583
AE06000040,6,2.809541,0.068666848,0.044572191,0.002019625
c6.loc3,6,3.000546,0.069578527,0.038382262,0.00313798
c6.loc4,6,4.000546,0.051696587,0.005879184,0.011723165
ad06001761,6,4.314091,0.040962837,0.001224877,0.013916296
c6.loc5,6,5.000546,2.61E-05,0.002210764,0.001944878
c6.loc6,6,6.000546,0.134790059,0.034652472,0.10489195
c6.loc7,6,7.000546,0.556590238,0.104611672,0.372373388
c6.loc8,6,8.000546,1.112246458,0.181989789,0.699318452
c6.loc9,6,9.000546,1.569280823,0.237491592,0.953287665
P0030,6,9.09339,1.60294233,0.241292418,0.971433609
c6.loc10,6,10.000546,0.900186685,0.054571781,0.872925024
AD06003748,6,10.448312,0.603978112,0.010490536,0.798136123
c6.loc11,6,11.000546,0.346497234,2.00E-05,0.661991749
c6.loc12,6,12.000546,0.043039148,0.032784,0.385069954
c6.loc13,6,13.000546,0.026408444,0.122409866,0.158582401
ah06000652,6,13.007213,0.027161105,0.123122939,0.157403029
c6.loc14,6,14.000546,0.036410987,0.140413276,0.141767468
ah06000736,6,14.077223,0.037064714,0.141339597,0.140096772
c6.loc15,6,15.000546,0.037058057,0.141969444,0.138499379
AD06006320,6,15.006561,0.037058011,0.141973583,0.138488903
c6.loc16,6,16.000546,0.037030084,0.142625553,0.136871344
ah06000839,6,16.368458,0.037019537,0.142868204,0.136270852
c6.loc17,6,17.000546,0.036989992,0.143270561,0.13529554
AD06007208,6,17.102489,0.036985183,0.143335775,0.135137676
c6.loc18,6,18.000546,0.036921472,0.143892199,0.133850969
c6.loc19,6,19.000546,0.036850183,0.144511041,0.132424821
AD06008483,6,19.079385,0.036844499,0.144560212,0.132311725
c6.loc20,6,20.000546,0.028932084,0.254835968,0.128185899
AE06003911,6,20.694115,0.022572214,0.348516522,0.120360498
c6.loc21,6,21.000546,0.053895609,0.352097561,0.13514941
AE06004271,6,21.381718,0.100257192,0.30640683,0.133492478
c6.loc22,6,22.000546,0.066811238,0.442594849,0.242412469
AE06004521,6,22.228142,0.052720699,0.479957822,0.281556722
c6.loc23,6,23.000546,0.099826919,0.696701262,0.234396504
P0596_2,6,23.576512,0.133395148,0.821118426,0.188237325
ah06001297,6,23.974286,0.240762735,0.834466487,0.101423536
c6.loc24,6,24.000546,0.244599921,0.841982633,0.098943872
c6.loc25,6,25.000546,0.426654578,1.158865646,0.018423867
c6.loc26,6,26.000546,0.659070427,1.467553844,0.010411922
c6.loc27,6,27.000546,0.843698634,1.59182247,0.13039737
c6.loc28,6,28.000546,0.887538492,1.452240268,0.330939433
c6.loc29,6,29.000546,0.819381563,1.178966474,0.509852834
AE06005770,6,29.151739,0.804318659,1.135878009,0.531782914
c6.loc30,6,30.000546,0.904046707,1.207859302,1.137831798
P0606_1,6,30.022505,0.900144629,1.201013233,1.148485218
c6.loc31,6,31.000546,1.268827918,0.821636008,1.406129895
AE06006239,6,31.020945,1.270451003,0.810459095,1.404390545
c6.loc32,6,32.000546,0.866937298,0.701318318,1.031031538
AD06014592,6,32.085678,0.823219808,0.682251931,0.986008122
AE07000190,7,0.66727,0.201188867,0.005962555,0.296246111
AD07000632,7,1.04565,0.201188867,0.005962555,0.296246111
c7.loc1,7,1.66727,0.42177909,0.047502709,0.391574934
c7.loc2,7,2.66727,0.853250837,0.195995318,0.477584347
c7.loc3,7,3.66727,1.106999318,0.343216492,0.434847927
AE07000531,7,3.874428,1.128144193,0.364156645,0.41698451
c7.loc4,7,4.66727,0.527709079,0.271660763,0.309088328
ad07002176,7,5.644438,0.019920601,0.086373244,0.092156383
c7.loc5,7,5.66727,0.01962714,0.085981671,0.095094527
c7.loc6,7,6.66727,0.005287833,0.050114949,0.243440356
AE07000879,7,7.265887,0.000546195,0.024155875,0.293465629
c7.loc7,7,7.66727,0.020119873,0.009865409,0.242349572
ah07000484,7,8.501995,0.230064544,0.000444461,0.134911953
c7.loc8,7,8.66727,0.22183612,0.000524888,0.143653019
ad07003952,7,9.481845,0.159111612,0.000924004,0.169371918
c7.loc9,7,9.66727,0.179004794,0.001036834,0.158848243
ad07004097,7,9.954963,0.211218409,0.001218909,0.142055563
c7.loc10,7,10.66727,0.770322966,0.694039206,0.106424258
ah07000599,7,10.77288,0.814511971,0.850051597,0.177267975
c7.loc11,7,11.66727,0.675705708,1.072620668,0.456739642
ad07004923,7,11.972211,0.543366815,1.020712157,0.531837398
c7.loc12,7,12.66727,0.310204584,0.485333751,0.038207286
c7.loc13,7,13.66727,0.032524114,0.014720571,0.301458026
ah07000697,7,13.976493,0.00681734,0.000387204,0.496994891
c7.loc14,7,14.66727,0.00589135,0.000217734,0.490829069
ad07005937,7,15.165188,0.005260085,0.000125124,0.486141883
c7.loc15,7,15.66727,5.78E-05,0.001049027,0.516438695
c7.loc16,7,16.66727,0.035158532,0.006195188,0.540633518
c7.loc17,7,17.66727,0.136708264,0.015228344,0.494765674
c7.loc18,7,18.66727,0.26920596,0.024818295,0.394841801
P0853,7,19.465247,0.363860345,0.030717436,0.307199794
c7.loc19,7,19.66727,0.35780669,0.026041173,0.324320773
ah07001035,7,20.000236,0.338872651,0.018581013,0.345069714
c7.loc20,7,20.66727,0.448641324,0.046167148,0.450951221
c7.loc21,7,21.66727,0.662214961,0.121539075,0.65487035
c7.loc22,7,22.66727,0.931463225,0.247809853,0.908866042
c7.loc23,7,23.66727,1.226268663,0.423924506,1.183116934
c7.loc24,7,24.66727,1.487416763,0.626205416,1.421243556
c7.loc25,7,25.66727,1.655401015,0.814423967,1.568387538
c7.loc26,7,26.66727,1.709377575,0.955382987,1.607428156
c7.loc27,7,27.66727,1.672012785,1.039522741,1.561915503
P0388,7,28.214718,1.626859132,1.064637903,1.514731482
c7.loc28,7,28.66727,1.546858661,1.134051872,1.38470184
AE07006255,7,29.66392,0.742317749,0.758220926,0.578906762
ad08000001,8,0.003172,1.668853468,1.251309969,1.076453602
ah08000031,8,0.4173,1.516036225,0.759305413,0.612586587
c8.loc1,8,1.003172,1.612384376,0.726581114,0.723240119
c8.loc2,8,2.003172,1.727383738,0.623370717,0.93756192
c8.loc3,8,3.003172,1.691846824,0.452982354,1.133100092
c8.loc4,8,4.003172,1.436485065,0.251287011,1.213644217
c8.loc5,8,5.003172,1.038505223,0.091707974,1.132196376
c8.loc6,8,6.003172,0.65949208,0.013709576,0.950776956
c8.loc7,8,7.003172,0.38527877,0.001194466,0.757420427
ad08002726,8,7.134935,0.357127906,0.002696072,0.733697887
c8.loc8,8,8.003172,0.252181384,0.008945175,0.658234372
ah08000448,8,8.305485,0.217162718,0.011818534,0.624595356
c8.loc9,8,9.003172,0.381565155,0.001587024,1.554892158
AE08001831,8,9.030125,0.386307607,0.002070389,1.588994681
AE08002244,8,9.631566,0.356242011,0.004326275,0.980923498
c8.loc10,8,10.003172,0.259564185,4.12E-06,0.625077898
ad08004275,8,10.46564,0.123744844,0.007484354,0.217133547
c8.loc11,8,11.003172,0.132685646,0.00373177,0.221701325
c8.loc12,8,12.003172,0.14823147,0.000163998,0.227074729
c8.loc13,8,13.003172,0.161580116,0.001277012,0.227921923
c8.loc14,8,14.003172,0.171942527,0.00688773,0.224146512
P1164,8,14.026937,0.172150498,0.007072588,0.224002195
P0893,8,14.414741,0.167688789,0.007299381,0.22082008
AE08005111,8,14.75907,0.156625712,0.001055741,0.183574488
c8.loc15,8,15.003172,0.182198131,0.005835002,0.227605004
ad08006122,8,15.21455,0.205064116,0.013011027,0.268448706
ah08000815,8,15.751884,0.260878807,0.035381696,0.435601931
c8.loc16,8,16.003172,0.295588106,0.042666013,0.486496118
c8.loc17,8,17.003172,0.443711794,0.076543103,0.698581734
P0413-2,8,17.659659,0.5431035,0.101533349,0.835998791
c8.loc18,8,18.003172,0.247233848,0.006054674,0.407215748
ah08000978,8,18.014258,0.101802289,0.003243227,0.189271912
c8.loc19,8,19.003172,0.031223473,0.019558042,0.024229603
c8.loc20,8,20.003172,0.01587489,0.023627471,0.004735652
c8.loc21,8,21.003172,0.010678454,0.025086122,0.000974445
c8.loc22,8,22.003172,0.008230525,0.025798722,0.00011179
c8.loc23,8,23.003172,0.006845744,0.026212494,5.71E-06
c8.loc24,8,24.003172,0.005968392,0.02647989,0.000126518
c8.loc25,8,25.003172,0.005368495,0.026665592,0.000312011
c8.loc26,8,26.003172,0.00493537,0.026801363,0.000506681
c8.loc27,8,27.003172,0.004609706,0.026904508,0.000691027
c8.loc28,8,28.003172,0.004357064,0.026985217,0.000858861
P0425-4,8,28.082344,0.004339332,0.026990906,0.000871508
AE09000152,9,0.945771,0.319444112,0.138067281,0.035904688
c9.loc1,9,1.945771,0.253282686,0.073852229,0.014054531
c9.loc2,9,2.945771,0.192175431,0.029129853,0.002256495
c9.loc3,9,3.945771,0.138549207,0.005005894,0.000480975
ah09000235,9,4.529792,0.111237249,0.000184925,0.003755406
c9.loc4,9,4.945771,0.189961311,0.013527043,0.001822658
AE09001720,9,5.49679,0.300696293,0.059906418,0.031542976
c9.loc5,9,5.945771,0.380049576,0.137063729,0.095083195
P1344,9,6.020311,0.390222921,0.151761199,0.108159374
c9.loc6,9,6.945771,0.168421693,0.023519599,0.043542246
ad09003371,9,7.133333,0.122585256,0.009826431,0.030950825
ad09003568,9,7.61376,0.116560303,0.000675496,0.131861631
c9.loc7,9,7.945771,0.157035332,0.010882818,0.044367731
AD09003729,9,8.010172,0.16051977,0.013971263,0.031574655
ad09003928,9,8.564892,0.182766578,0.031899676,0.002017092
c9.loc8,9,8.945771,0.214812831,0.062844422,0.010250425
c9.loc9,9,9.945771,0.295662927,0.211685332,0.07513308
c9.loc10,9,10.945771,0.30893811,0.40278743,0.186973717
ah09000464,9,11.889475,0.24931048,0.506741751,0.264211789
c9.loc11,9,11.945771,0.344402762,0.559590623,0.291963991
ad09005317,9,12.364051,0.983989674,0.453990848,0.219983098
c9.loc12,9,12.945771,1.088641877,0.404256113,0.368113849
c9.loc13,9,13.945771,1.083585846,0.235110792,0.671378065
c9.loc14,9,14.945771,0.798326239,0.061061588,0.831606892
c9.loc15,9,15.945771,0.476537017,0.000968509,0.800362929
AE09005328,9,16.00292,0.4611176,0.000431647,0.795539662
c9.loc16,9,16.945771,0.445978259,0.000146414,0.803753713
c9.loc17,9,17.945771,0.40071028,0.000121966,0.813983785
c9.loc18,9,18.945771,0.077655783,0.020664461,0.518774429
ad09009014,9,19.019232,0.02597405,0.028925136,0.381615178
AD09009427,9,19.906208,0.012180082,0.221490902,0.130860095
c9.loc19,9,19.945771,0.011157755,0.217023783,0.13465413
ad09009933,9,20.932056,0.000242806,0.108798692,0.233058815
c9.loc20,9,20.945771,0.000234955,0.109297672,0.224731733
c9.loc21,9,21.945771,8.22E-05,0.072411216,0.10812925
AE09005804,9,22.070492,0.000135713,0.06198986,0.169058113
AD10000290,10,0.657808,0.667631125,0.48600596,0.61736094
c10.loc1,10,1.657808,0.460750889,0.509911524,0.637670044
c10.loc2,10,2.657808,0.209682148,0.432318634,0.525731092
ad10001601,10,3.335999,0.089278075,0.34674059,0.410991248
c10.loc3,10,3.657808,0.094905245,0.359521256,0.33477012
c10.loc4,10,4.657808,0.098881284,0.347401754,0.10357414
c10.loc5,10,5.657808,0.080331572,0.259409913,0.001061183
ah10000276,10,5.787721,0.077040797,0.245683423,5.33E-06
c10.loc6,10,6.657808,0.077114908,0.245793852,4.39E-06
P1004,10,7.357669,0.077174633,0.245882804,3.71E-06
c10.loc7,10,7.657808,0.077220319,0.245923898,3.54E-06
ad10003751,10,8.538898,0.077353761,0.246043864,3.08E-06
c10.loc8,10,8.657808,0.077347672,0.246024789,3.12E-06
c10.loc9,10,9.657808,0.077296885,0.2458657,3.50E-06
AD10004459,10,9.987511,0.077280039,0.245812929,3.63E-06
c10.loc10,10,10.657808,0.077181747,0.245791622,4.33E-06
ah10000438,10,10.984317,0.077133731,0.245781201,4.69E-06
c10.loc11,10,11.657808,0.017705441,0.157114273,0.016052867
c10.loc12,10,12.657808,0.014181426,0.0401932,0.106661266
c10.loc13,10,13.657808,0.128580292,0.000167291,0.244986694
AE10004034,10,13.95794,0.175711185,0.005186237,0.284546433
c10.loc14,10,14.657808,0.448413202,0.082408807,0.695236419
AE10004229,10,15.043032,0.605399907,0.155952835,0.926731908
c10.loc15,10,15.657808,0.807754759,0.23815443,1.096312945
c10.loc16,10,16.657808,1.143564598,0.3999984,1.300603611
c10.loc17,10,17.657808,1.335991235,0.535166406,1.29438229
c10.loc18,10,18.657808,1.313582615,0.588995069,1.098132104
ah10001056,10,19.360811,1.217868208,0.584291689,0.924517303
c10.loc19,10,19.657808,0.998258838,0.500210397,0.87931376
c10.loc20,10,20.657808,0.289937319,0.188526085,0.576395634
ad10010334,10,21.299462,0.047662792,0.054019845,0.351101447
c10.loc21,10,21.657808,0.026228888,0.036568497,0.251953091
ah10001212,10,21.917808,0.010469494,0.019296295,0.143400807
c10.loc22,10,22.657808,0.056700348,0.071581313,0.024972275
ah10001254,10,23.030759,0.157462658,0.099249699,0.001258839
c10.loc23,10,23.657808,0.072201701,0.126999746,0.028836747
ad10011436,10,23.660646,0.071803261,0.126980495,0.0290133
ad11000284,11,0.509999,0.024768805,0.094283234,0.173329678
c11.loc1,11,1.509999,0.121191004,0.445304185,0.070316067
ad11000889,11,2.374332,0.225710733,0.830815087,0.010620706
c11.loc2,11,2.509999,0.227372947,0.833315431,0.010396124
c11.loc3,11,3.509999,0.2343362,0.831053601,0.00831387
c11.loc4,11,4.509999,0.225499815,0.774333577,0.005541358
c11.loc5,11,5.509999,0.193903363,0.647642074,0.002666202
c11.loc6,11,6.509999,0.144295657,0.470269076,0.00065276
c11.loc7,11,7.509999,0.092883853,0.293030213,3.41E-07
c11.loc8,11,8.509999,0.05285454,0.157234913,0.000410631
c11.loc9,11,9.509999,0.026989777,0.071868682,0.001322892
ah11000378,11,9.718359,0.023102143,0.059464898,0.00153723
c11.loc10,11,10.509999,0.018448554,0.074521726,0.000386156
c11.loc11,11,11.509999,0.012933162,0.095287631,0.009265481
c11.loc12,11,12.509999,0.008143517,0.117055163,0.030092192
c11.loc13,11,13.509999,0.004368573,0.138601893,0.061955601
c11.loc14,11,14.509999,0.001768247,0.158759736,0.102634921
AE11001129,11,14.632297,0.001530933,0.161101915,0.108119324
AE11001155,11,15.163382,0.001072222,0.169094345,0.119455637
c11.loc15,11,15.509999,0.006839338,0.180415162,0.098739358
ad11006146,11,16.129821,0.028721339,0.19083067,0.06186728
c11.loc16,11,16.509999,0.03190125,0.185724808,0.052503198
c11.loc17,11,17.509999,0.039257738,0.160769656,0.028441434
c11.loc18,11,18.509999,0.043521359,0.123477914,0.010128431
AE11001865,11,19.238687,0.044194863,0.094583392,0.00266295
c11.loc19,11,19.509999,0.024495894,0.056152523,2.14E-05
AE11002117,11,19.771482,0.009608699,0.025124117,0.003514267
c11.loc20,11,20.509999,0.204825465,0.170602409,0.36637725
ah11000725,11,21.038494,0.407052487,0.281203734,0.823975218
c11.loc21,11,21.509999,0.22424584,0.233690431,0.571217434
c11.loc22,11,22.509999,0.000881195,0.087895209,0.084753573
ah11000824,11,22.848587,0.012285036,0.04966957,0.0174129
c11.loc23,11,23.509999,0.002106764,0.226528635,0.216679883
ad11010169,11,23.715353,0.008790906,0.293433093,0.309877894
c11.loc24,11,24.509999,0.035252184,0.374084459,0.246449007
c11.loc25,11,25.509999,0.098701686,0.471524596,0.15236877
c11.loc26,11,26.509999,0.186452303,0.531334732,0.066332977
c11.loc27,11,27.509999,0.273009593,0.533188847,0.013946128
ad11012468,11,28.457496,0.334575523,0.493289395,2.97E-06
ad12000079,12,0.478149,0.000523928,0.375472657,0.341456295
ah12000042,12,1.028146,0.083554255,0.478805958,0.597274898
c12.loc1,12,1.478149,0.222086284,0.750392049,1.049435861
c12.loc2,12,2.478149,0.739190534,1.347597998,2.245477965
ad12000994,12,3.340063,1.012564493,1.378108126,2.491285753
c12.loc3,12,3.478149,1.135677549,1.371974976,2.594267859
AE12000541,12,4.423242,1.593968486,0.854323363,2.230227104
c12.loc4,12,4.478149,1.610331048,0.860004617,2.235055631
AD12002003,12,5.173402,1.77922016,0.910079143,2.234996759
c12.loc5,12,5.478149,1.833029651,0.889477968,2.231585228
c12.loc6,12,6.478149,1.940205997,0.781649556,2.115881544
c12.loc7,12,7.478149,1.903209611,0.620807112,1.837994126
c12.loc8,12,8.478149,1.721479805,0.440403757,1.457723039
AD12003221,12,8.795517,1.641842479,0.38539522,1.330518148
AD12003504,12,9.208177,1.453444174,0.459327395,1.067715555
c12.loc9,12,9.478149,1.453300907,0.459219223,1.067499557
ad12003645,12,9.547079,1.453264241,0.459191546,1.06744429
ah12000514,12,10.060651,1.417595679,0.289593041,1.36683575
c12.loc10,12,10.478149,1.243309839,0.218481415,1.076676308
ah12000535,12,10.613978,1.174457673,0.195136823,0.977275046
c12.loc11,12,11.478149,1.392861276,0.318934149,1.137339218
AE12002760,12,11.554743,1.399682438,0.32838978,1.140775421
c12.loc12,12,12.478149,1.227834434,0.233623086,1.016089321
AE12002798,12,12.6574,1.187559795,0.215461953,0.985590805
ah12000617,12,13.08889,1.49210989,0.371701554,1.24366314
c12.loc13,12,13.478149,1.698642687,0.359197654,1.504325344
AD12005134,12,13.692921,1.766752622,0.342012911,1.611773193
c12.loc14,12,14.478149,1.895548298,0.431913505,1.793522313
c12.loc15,12,15.478149,1.954988451,0.536702661,1.931030838
ad12006396,12,16.202396,1.920008419,0.596165567,1.952073279
c12.loc16,12,16.478149,1.867327774,0.60430877,1.893875319
AE12002997,12,17.154111,1.68110275,0.603102802,1.694056039
c12.loc17,12,17.478149,1.733664273,0.661225745,1.606741989
ah12000833,12,18.316669,1.45291779,0.663859669,1.055558616
c12.loc18,12,18.478149,1.472788034,0.623066689,1.078232908
c12.loc19,12,19.478149,1.480438863,0.350459347,1.141345319
c12.loc20,12,20.478149,1.26887614,0.12035925,1.037714559
AE12004448,12,21.039163,1.089415197,0.042972947,0.92311358
c12.loc21,12,21.478149,2.705984592,0.99141579,2.695995946
c12.loc22,12,22.478149,4.681722231,2.36749436,4.673268755
c12.loc23,12,23.478149,6.41755264,4.048511383,6.42372229
c12.loc24,12,24.478149,6.799395046,5.130794947,6.856392679
ah12001060,12,25.159408,6.398545207,5.353724252,6.493759459
c12.loc25,12,25.478149,8.862804443,7.697118967,9.010685454
ad12009568,12,26.360367,11.39093168,10.99998224,11.63831341
